"styrk08_code","occupation_label_no","employees_2025q4","fte_2025q1","fte_2025q2","fte_2025q3","fte_2025q4","annual_fte_proxy_2025","annual_fte_status","workforce_source_id","occupation_factor_low","occupation_factor_base","occupation_factor_high","factor_status","factor_source_id","potential_basis","rationale"
"0000","Uoppgitt / yrker som ikke kan identifiseres","8530","5212","5205","4688","5714","5204.75","derived_quarterly_mean","ssb-11658-occupation-workforce-2025",,,,"not_assessed",,,
"0110","Offiserer fra fenrik og høyere grad","4978","4895","4893","4995","5003","4946.5","derived_quarterly_mean","ssb-11658-occupation-workforce-2025",,,,"not_assessed",,,
"0210","Befal med sersjant grad","5039","4715","4791","4784","5004","4823.5","derived_quarterly_mean","ssb-11658-occupation-workforce-2025",,,,"not_assessed",,,
"0310","Menige","15494","15081","14889","15617","15345","15233","derived_quarterly_mean","ssb-11658-occupation-workforce-2025",,,,"not_assessed",,,
"1111","Politikere","1380","1052","1058","1044","1050","1051","derived_quarterly_mean","ssb-11658-occupation-workforce-2025",,,,"not_assessed",,,
"1112","Toppledere i offentlig administrasjon","991","964","973","960","985","970.5","derived_quarterly_mean","ssb-11658-occupation-workforce-2025",,,,"not_assessed",,,
"1114","Toppledere i interesseorganisasjoner","2376","2226","2301","2280","2287","2273.5","derived_quarterly_mean","ssb-11658-occupation-workforce-2025",,,,"not_assessed",,,
"1120","Administrerende direktører","37853","36073","36131","35922","36131","36064.25","derived_quarterly_mean","ssb-11658-occupation-workforce-2025",,,,"not_assessed",,,
"1211","Finans- og økonomisjefer","8783","8600","8589","8563","8655","8601.75","derived_quarterly_mean","ssb-11658-occupation-workforce-2025",,,,"not_assessed",,,
"1212","Personalsjefer","2337","2348","2308","2280","2295","2307.75","derived_quarterly_mean","ssb-11658-occupation-workforce-2025",,,,"not_assessed",,,
"1213","Strategi- og planleggingssjefer","4895","4759","4813","4841","4876","4822.25","derived_quarterly_mean","ssb-11658-occupation-workforce-2025",,,,"not_assessed",,,
"1219","Andre administrative ledere","26067","24694","25112","25010","25251","25016.75","derived_quarterly_mean","ssb-11658-occupation-workforce-2025",,,,"not_assessed",,,
"1221","Salgs- og markedssjefer","16092","16067","15922","15746","15855","15897.5","derived_quarterly_mean","ssb-11658-occupation-workforce-2025",,,,"not_assessed",,,
"1222","PR- og informasjonssjefer","1879","1795","1792","1791","1799","1794.25","derived_quarterly_mean","ssb-11658-occupation-workforce-2025",,,,"not_assessed",,,
"1223","Forsknings- og utviklingsledere","3126","3031","3046","3047","3068","3048","derived_quarterly_mean","ssb-11658-occupation-workforce-2025",,,,"not_assessed",,,
"1311","Ledere i skogbruk, gartnerier mv.","671","658","658","660","648","656","derived_quarterly_mean","ssb-11658-occupation-workforce-2025",,,,"not_assessed",,,
"1312","Ledere innen akvakultur mv.","390","379","393","407","395","393.5","derived_quarterly_mean","ssb-11658-occupation-workforce-2025",,,,"not_assessed",,,
"1321","Ledere av industriproduksjon mv.","12746","12267","12342","12313","12485","12351.75","derived_quarterly_mean","ssb-11658-occupation-workforce-2025",,,,"not_assessed",,,
"1322","Ledere av olje- og gassutvinning mv.","8017","7980","7997","7983","7981","7985.25","derived_quarterly_mean","ssb-11658-occupation-workforce-2025",,,,"not_assessed",,,
"1323","Ledere av bygge- og anleggsvirksomhet","16240","15033","15229","15253","15594","15277.25","derived_quarterly_mean","ssb-11658-occupation-workforce-2025",,,,"not_assessed",,,
"1324","Ledere av logistikk og transport mv.","8969","8894","8759","8794","8740","8796.75","derived_quarterly_mean","ssb-11658-occupation-workforce-2025",,,,"not_assessed",,,
"1330","Ledere av IKT-enheter","6118","5888","5874","5882","5971","5903.75","derived_quarterly_mean","ssb-11658-occupation-workforce-2025",,,,"not_assessed",,,
"1341","Ledere av omsorgstjenester for barn","4019","3964","3957","3956","3936","3953.25","derived_quarterly_mean","ssb-11658-occupation-workforce-2025",,,,"not_assessed",,,
"1342","Ledere av helsetjenester","12447","12067","12119","12153","12381","12180","derived_quarterly_mean","ssb-11658-occupation-workforce-2025",,,,"not_assessed",,,
"1343","Ledere av eldreomsorg","2116","2164","2158","2140","2103","2141.25","derived_quarterly_mean","ssb-11658-occupation-workforce-2025",,,,"not_assessed",,,
"1344","Ledere av sosialomsorg","1737","1749","1738","1710","1668","1716.25","derived_quarterly_mean","ssb-11658-occupation-workforce-2025",,,,"not_assessed",,,
"1345","Ledere av utdanning og undervisning","11373","11051","11057","11152","11152","11103","derived_quarterly_mean","ssb-11658-occupation-workforce-2025",,,,"not_assessed",,,
"1346","Ledere av forsikring og finansvirksomhet","5074","5134","5003","4998","5000","5033.75","derived_quarterly_mean","ssb-11658-occupation-workforce-2025",,,,"not_assessed",,,
"1349","Andre ledere av produksjon og tjenesteyting","5765","5734","5737","5639","5680","5697.5","derived_quarterly_mean","ssb-11658-occupation-workforce-2025",,,,"not_assessed",,,
"1411","Hotellsjefer","773","748","776","801","751","769","derived_quarterly_mean","ssb-11658-occupation-workforce-2025",,,,"not_assessed",,,
"1412","Restaurantsjefer","3865","3507","3615","3692","3727","3635.25","derived_quarterly_mean","ssb-11658-occupation-workforce-2025",,,,"not_assessed",,,
"1420","Varehandelssjefer","34373","32426","32689","32821","32993","32732.25","derived_quarterly_mean","ssb-11658-occupation-workforce-2025",,,,"not_assessed",,,
"1431","Sports-, rekreasjons- og kultursenterledere","2941","2770","2782","2779","2782","2778.25","derived_quarterly_mean","ssb-11658-occupation-workforce-2025",,,,"not_assessed",,,
"1439","Andre daglige ledere i tjenesteytende virksomheter","1189","1062","1081","1086","1091","1080","derived_quarterly_mean","ssb-11658-occupation-workforce-2025",,,,"not_assessed",,,
"2111","Fysikere og astronomer","528","495","503","503","512","503.25","derived_quarterly_mean","ssb-11658-occupation-workforce-2025",,,,"not_assessed",,,
"2112","Meteorologer","307","286","286","292","291","288.75","derived_quarterly_mean","ssb-11658-occupation-workforce-2025",,,,"not_assessed",,,
"2113","Kjemikere","936","911","903","918","905","909.25","derived_quarterly_mean","ssb-11658-occupation-workforce-2025",,,,"not_assessed",,,
"2114","Geologer og geofysikere","2847","2728","2744","2813","2792","2769.25","derived_quarterly_mean","ssb-11658-occupation-workforce-2025",,,,"not_assessed",,,
"2120","Matematikere, statistikere mv.","1793","1592","1613","1645","1700","1637.5","derived_quarterly_mean","ssb-11658-occupation-workforce-2025",,,,"not_assessed",,,
"2131","Biologer, botanikere, zoologer mv.","1878","1661","1657","1676","1767","1690.25","derived_quarterly_mean","ssb-11658-occupation-workforce-2025",,,,"not_assessed",,,
"2132","Sivilagronomer mv.","621","546","555","562","578","560.25","derived_quarterly_mean","ssb-11658-occupation-workforce-2025",,,,"not_assessed",,,
"2133","Miljøvernrådgivere","1140","953","1029","1083","1087","1038","derived_quarterly_mean","ssb-11658-occupation-workforce-2025",,,,"not_assessed",,,
"2141","Sivilingeniører (industri og produksjon)","1140","1148","1126","1128","1121","1130.75","derived_quarterly_mean","ssb-11658-occupation-workforce-2025",,,,"not_assessed",,,
"2142","Sivilingeniører (bygg og anlegg)","27080","26720","26452","26500","26439","26527.75","derived_quarterly_mean","ssb-11658-occupation-workforce-2025","0.20","0.40","0.65","assumption","occupation-factor-assumptions-v0","mixed_digital_and_physical","Digital design and documentation combined with site work and specialist tools"
"2143","Sivilingeniører (miljøteknikk)","543","499","508","522","527","514","derived_quarterly_mean","ssb-11658-occupation-workforce-2025",,,,"not_assessed",,,
"2144","Sivilingeniører (maskin- og marin-teknikk)","4974","4798","4800","4862","4892","4838","derived_quarterly_mean","ssb-11658-occupation-workforce-2025",,,,"not_assessed",,,
"2145","Sivilingeniører (kjemi)","850","829","823","842","835","832.25","derived_quarterly_mean","ssb-11658-occupation-workforce-2025",,,,"not_assessed",,,
"2146","Sivilingeniører (geofag, petro-leumsteknologi, metallurgi mv.)","11701","11392","11458","11450","11554","11463.5","derived_quarterly_mean","ssb-11658-occupation-workforce-2025",,,,"not_assessed",,,
"2149","Andre sivilingeniører (unntatt elektroteknologi)","7721","7428","7452","7437","7552","7467.25","derived_quarterly_mean","ssb-11658-occupation-workforce-2025",,,,"not_assessed",,,
"2151","Sivilingeniører (elkraftteknikk)","4605","4283","4367","4502","4530","4420.5","derived_quarterly_mean","ssb-11658-occupation-workforce-2025",,,,"not_assessed",,,
"2152","Sivilingeniører (elektronikk)","4612","4542","4542","4551","4543","4544.5","derived_quarterly_mean","ssb-11658-occupation-workforce-2025",,,,"not_assessed",,,
"2153","Sivilingeniører (telekommunikasjon)","685","633","646","664","678","655.25","derived_quarterly_mean","ssb-11658-occupation-workforce-2025",,,,"not_assessed",,,
"2161","Sivilarkitekter","6389","6061","6017","5942","6036","6014","derived_quarterly_mean","ssb-11658-occupation-workforce-2025",,,,"not_assessed",,,
"2162","Landskapsarkitekter","940","901","894","895","892","895.5","derived_quarterly_mean","ssb-11658-occupation-workforce-2025",,,,"not_assessed",,,
"2163","Produkt- og klesdesignere","900","846","843","843","865","849.25","derived_quarterly_mean","ssb-11658-occupation-workforce-2025",,,,"not_assessed",,,
"2164","Arealplanleggere","1450","1500","1437","1435","1415","1446.75","derived_quarterly_mean","ssb-11658-occupation-workforce-2025",,,,"not_assessed",,,
"2165","Landmålere, kartografer mv.","881","854","841","840","852","846.75","derived_quarterly_mean","ssb-11658-occupation-workforce-2025",,,,"not_assessed",,,
"2166","Grafiske- og multimediadesignere","4811","4652","4578","4516","4521","4566.75","derived_quarterly_mean","ssb-11658-occupation-workforce-2025",,,,"not_assessed",,,
"2211","Allmennpraktiserende leger","8888","7481","7453","8318","7617","7717.25","derived_quarterly_mean","ssb-11658-occupation-workforce-2025","0.10","0.25","0.45","assumption","occupation-factor-assumptions-v0","clinical_and_documentation","Clinical work remains human with documentation and decision-support assistance"
"2212","Legespesialister","18271","17110","17432","17329","17776","17411.75","derived_quarterly_mean","ssb-11658-occupation-workforce-2025",,,,"not_assessed",,,
"2221","Spesialsykepleiere","30211","27135","27136","27548","27459","27319.5","derived_quarterly_mean","ssb-11658-occupation-workforce-2025",,,,"not_assessed",,,
"2222","Jordmødre","2976","2533","2531","2610","2606","2570","derived_quarterly_mean","ssb-11658-occupation-workforce-2025",,,,"not_assessed",,,
"2223","Sykepleiere","61314","53409","52983","55677","54501","54142.5","derived_quarterly_mean","ssb-11658-occupation-workforce-2025","0.05","0.12","0.25","assumption","occupation-factor-assumptions-v0","physical_and_personal_care","Patient care dominates but documentation and information retrieval allow more use than direct care assistance"
"2224","Vernepleiere","22607","20039","20045","21041","20965","20522.5","derived_quarterly_mean","ssb-11658-occupation-workforce-2025",,,,"not_assessed",,,
"2250","Veterinærer","1934","1765","1755","1795","1757","1768","derived_quarterly_mean","ssb-11658-occupation-workforce-2025",,,,"not_assessed",,,
"2261","Tannleger","3209","2903","2901","2918","2984","2926.5","derived_quarterly_mean","ssb-11658-occupation-workforce-2025",,,,"not_assessed",,,
"2262","Farmasøyter","1882","1725","1715","1786","1784","1752.5","derived_quarterly_mean","ssb-11658-occupation-workforce-2025",,,,"not_assessed",,,
"2263","Helse- og miljørådgivere","132","107","112","117","120","114","derived_quarterly_mean","ssb-11658-occupation-workforce-2025",,,,"not_assessed",,,
"2264","Fysioterapeuter","6241","5705","5762","5635","5878","5745","derived_quarterly_mean","ssb-11658-occupation-workforce-2025",,,,"not_assessed",,,
"2265","Ernæringsfysiologer","1000","843","845","847","964","874.75","derived_quarterly_mean","ssb-11658-occupation-workforce-2025",,,,"not_assessed",,,
"2266","Audiografer og logopeder","750","662","653","676","702","673.25","derived_quarterly_mean","ssb-11658-occupation-workforce-2025",,,,"not_assessed",,,
"2267","Ergoterapeuter","3125","2884","2868","2932","2950","2908.5","derived_quarterly_mean","ssb-11658-occupation-workforce-2025",,,,"not_assessed",,,
"2269","Kiropraktorer mv.","377","348","353","345","352","349.5","derived_quarterly_mean","ssb-11658-occupation-workforce-2025",,,,"not_assessed",,,
"2310","Universitets- og høyskolelektorer/-lærere","32201","28272","27643","27217","27960","27773","derived_quarterly_mean","ssb-11658-occupation-workforce-2025",,,,"not_assessed",,,
"2320","Yrkesfaglærere","909","806","819","752","805","795.5","derived_quarterly_mean","ssb-11658-occupation-workforce-2025",,,,"not_assessed",,,
"2330","Lektorer mv. (videregående skole)","27182","25331","25361","25085","25549","25331.5","derived_quarterly_mean","ssb-11658-occupation-workforce-2025",,,,"not_assessed",,,
"2341","Grunnskolelærere","80852","74995","74927","71754","73728","73851","derived_quarterly_mean","ssb-11658-occupation-workforce-2025","0.10","0.25","0.45","assumption","occupation-factor-assumptions-v0","interpersonal","Preparation and assessment support while classroom teaching remains interpersonal"
"2342","Førskole-/barnehagelærere","34386","32920","32674","32511","32767","32718","derived_quarterly_mean","ssb-11658-occupation-workforce-2025","0.02","0.08","0.18","assumption","occupation-factor-assumptions-v0","interpersonal","Care and interaction dominate with some planning and documentation"
"2351","Spesialister i pedagogikk","2052","1968","1950","1967","1968","1963.25","derived_quarterly_mean","ssb-11658-occupation-workforce-2025",,,,"not_assessed",,,
"2352","Spesiallærere / spesialpedagoger","2929","2761","2751","2746","2755","2753.25","derived_quarterly_mean","ssb-11658-occupation-workforce-2025",,,,"not_assessed",,,
"2353","Andre språklærere","279","175","165","154","182","169","derived_quarterly_mean","ssb-11658-occupation-workforce-2025",,,,"not_assessed",,,
"2354","Andre musikklærere","3379","2414","2422","2313","2430","2394.75","derived_quarterly_mean","ssb-11658-occupation-workforce-2025",,,,"not_assessed",,,
"2355","Andre lærere i estetiske fag","348","164","173","142","176","163.75","derived_quarterly_mean","ssb-11658-occupation-workforce-2025",,,,"not_assessed",,,
"2356","Andre IKT-lærere","56","57","53","50","52","53","derived_quarterly_mean","ssb-11658-occupation-workforce-2025",,,,"not_assessed",,,
"2359","Andre lærere","2971","2349","2314","2237","2396","2324","derived_quarterly_mean","ssb-11658-occupation-workforce-2025",,,,"not_assessed",,,
"2411","Revisorer, regnskapsrådgivere","15028","15052","14636","14681","14583","14738","derived_quarterly_mean","ssb-11658-occupation-workforce-2025","0.30","0.55","0.80","assumption","occupation-factor-assumptions-v0","document_intensive","Analysis and reporting with human verification and accountability"
"2412","Finans- og investeringsrådgivere","9812","9438","9467","9469","9640","9503.5","derived_quarterly_mean","ssb-11658-occupation-workforce-2025",,,,"not_assessed",,,
"2413","Finansanalytikere","17252","16858","16554","16544","16787","16685.75","derived_quarterly_mean","ssb-11658-occupation-workforce-2025","0.40","0.65","0.90","assumption","occupation-factor-assumptions-v0","document_intensive","Substantial digital research modelling and report production"
"2421","Organisasjonsrådgivere mv.","14581","13205","13847","13767","14200","13754.75","derived_quarterly_mean","ssb-11658-occupation-workforce-2025",,,,"not_assessed",,,
"2422","Høyere saksbehandlere i offentlig og privat virksomhet","91138","85252","85934","86311","87633","86282.5","derived_quarterly_mean","ssb-11658-occupation-workforce-2025","0.25","0.45","0.70","assumption","occupation-factor-assumptions-v0","document_intensive","Case preparation and document review alongside accountable decisions"
"2423","Personal- og karriererådgivere","16149","15351","15409","15350","15513","15405.75","derived_quarterly_mean","ssb-11658-occupation-workforce-2025",,,,"not_assessed",,,
"2424","Rådgivere innen kompetanseutvikling","1123","1006","1018","1047","1077","1037","derived_quarterly_mean","ssb-11658-occupation-workforce-2025",,,,"not_assessed",,,
"2431","Reklame- og markedsføringsrådgivere","9299","8499","8547","8589","8665","8575","derived_quarterly_mean","ssb-11658-occupation-workforce-2025",,,,"not_assessed",,,
"2432","Informasjonsrådgivere","4550","4237","4285","4321","4306","4287.25","derived_quarterly_mean","ssb-11658-occupation-workforce-2025",,,,"not_assessed",,,
"2433","Salgskonsulenter innen tekniske og medisinske produkter","3019","2953","2957","2939","2984","2958.25","derived_quarterly_mean","ssb-11658-occupation-workforce-2025",,,,"not_assessed",,,
"2434","Salgskonsulenter innen IKT-produkter","696","684","685","679","691","684.75","derived_quarterly_mean","ssb-11658-occupation-workforce-2025",,,,"not_assessed",,,
"2511","Systemanalytikere/-arkitekter","33424","32109","32374","32695","32940","32529.5","derived_quarterly_mean","ssb-11658-occupation-workforce-2025","0.50","0.75","1.00","assumption","occupation-factor-assumptions-v0","digital","Digital design and analysis with less continuous code execution than the reference"
"2512","Programvareutviklere","8224","7882","7929","8012","7994","7954.25","derived_quarterly_mean","ssb-11658-occupation-workforce-2025","1.00","1.00","1.00","assumption","occupation-factor-assumptions-v0","reference","Heavy AI-using developer defines the reference rather than average current developer adoption"
"2513","Nett- og multimediautviklere","764","689","692","715","715","702.75","derived_quarterly_mean","ssb-11658-occupation-workforce-2025","0.60","0.85","1.00","assumption","occupation-factor-assumptions-v0","digital","Software and content generation with potentially intensive multimodal use"
"2514","Applikasjonsprogrammerere","345","308","311","317","325","315.25","derived_quarterly_mean","ssb-11658-occupation-workforce-2025","0.70","0.90","1.00","assumption","occupation-factor-assumptions-v0","digital","Code generation and testing close to the developer reference"
"2519","Andre programvare- og applikasjonsutviklere","22007","21777","21488","21510","21609","21596","derived_quarterly_mean","ssb-11658-occupation-workforce-2025",,,,"not_assessed",,,
"2521","Databasedesignere og -administratorer","519","490","488","490","509","494.25","derived_quarterly_mean","ssb-11658-occupation-workforce-2025",,,,"not_assessed",,,
"2522","Systemadministratorer","1595","1504","1556","1574","1567","1550.25","derived_quarterly_mean","ssb-11658-occupation-workforce-2025",,,,"not_assessed",,,
"2523","Nettverksansvarlige","13","11","12","12","12","11.75","derived_quarterly_mean","ssb-11658-occupation-workforce-2025",,,,"not_assessed",,,
"2529","Sikkerhetsanalytikere mv.","1777","1763","1735","1752","1737","1746.75","derived_quarterly_mean","ssb-11658-occupation-workforce-2025",,,,"not_assessed",,,
"2611","Jurister og advokater","11611","11091","11059","11163","11401","11178.5","derived_quarterly_mean","ssb-11658-occupation-workforce-2025","0.30","0.60","0.80","assumption","occupation-factor-assumptions-v0","document_intensive","Research and drafting support substantial use but client work and accountable judgement remain human"
"2612","Dommere","858","822","832","824","856","833.5","derived_quarterly_mean","ssb-11658-occupation-workforce-2025",,,,"not_assessed",,,
"2619","Andre juridiske yrker","1207","1126","1134","1147","1155","1140.5","derived_quarterly_mean","ssb-11658-occupation-workforce-2025",,,,"not_assessed",,,
"2621","Arkivarer og kuratorer","1683","1325","1358","1483","1395","1390.25","derived_quarterly_mean","ssb-11658-occupation-workforce-2025",,,,"not_assessed",,,
"2622","Bibliotekarer og andre informasjonsarbeidere","2486","2246","2252","2234","2250","2245.5","derived_quarterly_mean","ssb-11658-occupation-workforce-2025",,,,"not_assessed",,,
"2631","Rådgivere/forskere, samfunnsøkonomi","1188","1153","1140","1125","1162","1145","derived_quarterly_mean","ssb-11658-occupation-workforce-2025",,,,"not_assessed",,,
"2632","Rådgivere/forskere, samfunnsvitenskap","1181","1062","1061","1064","1125","1078","derived_quarterly_mean","ssb-11658-occupation-workforce-2025",,,,"not_assessed",,,
"2633","Rådgivere/forskere, humanistiske fag","261","224","255","268","251","249.5","derived_quarterly_mean","ssb-11658-occupation-workforce-2025",,,,"not_assessed",,,
"2634","Psykologer","9569","9189","9221","9290","9359","9264.75","derived_quarterly_mean","ssb-11658-occupation-workforce-2025",,,,"not_assessed",,,
"2635","Rådgivere innen sosiale fagfelt","15422","14548","14563","14747","14595","14613.25","derived_quarterly_mean","ssb-11658-occupation-workforce-2025",,,,"not_assessed",,,
"2636","Geistlige yrker","2257","2082","2077","2072","2073","2076","derived_quarterly_mean","ssb-11658-occupation-workforce-2025",,,,"not_assessed",,,
"2641","Forfattere mv.","1207","1149","1114","1061","1091","1103.75","derived_quarterly_mean","ssb-11658-occupation-workforce-2025",,,,"not_assessed",,,
"2642","Journalister","7623","6980","6907","7215","6944","7011.5","derived_quarterly_mean","ssb-11658-occupation-workforce-2025",,,,"not_assessed",,,
"2643","Oversettere, tolker mv.","2449","1387","1343","1155","1395","1320","derived_quarterly_mean","ssb-11658-occupation-workforce-2025",,,,"not_assessed",,,
"2651","Skulptører, kunstmalere og andre billedkunstnere","383","320","327","317","328","323","derived_quarterly_mean","ssb-11658-occupation-workforce-2025",,,,"not_assessed",,,
"2652","Dirigenter, komponister, musikere og sangere","2488","2073","2079","1994","2155","2075.25","derived_quarterly_mean","ssb-11658-occupation-workforce-2025",,,,"not_assessed",,,
"2653","Koreografer og dansere","294","250","221","223","238","233","derived_quarterly_mean","ssb-11658-occupation-workforce-2025",,,,"not_assessed",,,
"2654","Regissører","1311","1241","1232","1203","1211","1221.75","derived_quarterly_mean","ssb-11658-occupation-workforce-2025",,,,"not_assessed",,,
"2655","Skuespillere","706","560","494","497","512","515.75","derived_quarterly_mean","ssb-11658-occupation-workforce-2025",,,,"not_assessed",,,
"2656","Programledere i TV og radio","301","303","319","317","277","304","derived_quarterly_mean","ssb-11658-occupation-workforce-2025",,,,"not_assessed",,,
"2659","Andre utøvende kunstneriske yrker","292","181","197","189","200","191.75","derived_quarterly_mean","ssb-11658-occupation-workforce-2025",,,,"not_assessed",,,
"3112","Bygningsingeniører","17692","17197","17087","17160","17201","17161.25","derived_quarterly_mean","ssb-11658-occupation-workforce-2025",,,,"not_assessed",,,
"3113","Elkraftingeniører","5963","5769","5798","5822","5863","5813","derived_quarterly_mean","ssb-11658-occupation-workforce-2025",,,,"not_assessed",,,
"3114","Elektronikkingeniører","15437","14547","14671","14922","15112","14813","derived_quarterly_mean","ssb-11658-occupation-workforce-2025",,,,"not_assessed",,,
"3115","Maskiningeniører","8924","8513","8535","8594","8714","8589","derived_quarterly_mean","ssb-11658-occupation-workforce-2025",,,,"not_assessed",,,
"3116","Kjemiingeniører","2794","2716","2708","2744","2699","2716.75","derived_quarterly_mean","ssb-11658-occupation-workforce-2025",,,,"not_assessed",,,
"3117","Ingeniører innen petroleum, bergverk og metallurgi","14917","17062","14736","14877","14714","15347.25","derived_quarterly_mean","ssb-11658-occupation-workforce-2025",,,,"not_assessed",,,
"3118","Tekniske tegnere","2174","2086","2089","2081","2048","2076","derived_quarterly_mean","ssb-11658-occupation-workforce-2025",,,,"not_assessed",,,
"3119","Andre ingeniører","29754","28548","28672","28916","29118","28813.5","derived_quarterly_mean","ssb-11658-occupation-workforce-2025",,,,"not_assessed",,,
"3121","Arbeidsleder, bergfag","160","152","158","158","159","156.75","derived_quarterly_mean","ssb-11658-occupation-workforce-2025",,,,"not_assessed",,,
"3122","Arbeidsleder, industri","4395","4095","4159","4190","4301","4186.25","derived_quarterly_mean","ssb-11658-occupation-workforce-2025",,,,"not_assessed",,,
"3123","Arbeidsleder, bygg og anlegg","12813","11451","11933","12118","12588","12022.5","derived_quarterly_mean","ssb-11658-occupation-workforce-2025",,,,"not_assessed",,,
"3131","Energikontrolloperatører","1692","1583","1586","1624","1659","1613","derived_quarterly_mean","ssb-11658-occupation-workforce-2025",,,,"not_assessed",,,
"3132","Kontrolloperatører ved forbrennings- kjøle- og vannrenseanlegg mv.","14","10","12","13","13","12","derived_quarterly_mean","ssb-11658-occupation-workforce-2025",,,,"not_assessed",,,
"3133","Kontrolloperatører innen kjemisk prosessindustri","307","306","310","302","303","305.25","derived_quarterly_mean","ssb-11658-occupation-workforce-2025",,,,"not_assessed",,,
"3134","Kontrolloperatører ved olje- og naturgassraffineringsanlegg","1869","1766","1824","1881","1841","1828","derived_quarterly_mean","ssb-11658-occupation-workforce-2025",,,,"not_assessed",,,
"3135","Kontrolloperatører innen metallproduksjon","189","183","183","181","182","182.25","derived_quarterly_mean","ssb-11658-occupation-workforce-2025",,,,"not_assessed",,,
"3139","Andre prosesskontrolloperatører","80","81","80","83","80","81","derived_quarterly_mean","ssb-11658-occupation-workforce-2025",,,,"not_assessed",,,
"3141","Bioteknikere (ikke-medisinske laboratorier)","1393","1243","1250","1291","1210","1248.5","derived_quarterly_mean","ssb-11658-occupation-workforce-2025",,,,"not_assessed",,,
"3142","Agroteknikere","616","562","567","586","558","568.25","derived_quarterly_mean","ssb-11658-occupation-workforce-2025",,,,"not_assessed",,,
"3143","Skogteknikere","677","610","620","665","634","632.25","derived_quarterly_mean","ssb-11658-occupation-workforce-2025",,,,"not_assessed",,,
"3151","Skipsmaskinister","3931","3792","3896","3966","3874","3882","derived_quarterly_mean","ssb-11658-occupation-workforce-2025",,,,"not_assessed",,,
"3152","Dekksoffiserer og loser","8142","7541","7720","8091","7950","7825.5","derived_quarterly_mean","ssb-11658-occupation-workforce-2025",,,,"not_assessed",,,
"3153","Flygere","2273","2175","2119","2124","2168","2146.5","derived_quarterly_mean","ssb-11658-occupation-workforce-2025",,,,"not_assessed",,,
"3154","Flygeledere","521","464",,,"513",,"unknown","ssb-11658-occupation-workforce-2025",,,,"not_assessed",,,
"3155","Teknikere innen luftfartssikkerhet","670","549","571","584","649","588.25","derived_quarterly_mean","ssb-11658-occupation-workforce-2025",,,,"not_assessed",,,
"3211","Radiografer mv.","3157","2983","2966","3063","3026","3009.5","derived_quarterly_mean","ssb-11658-occupation-workforce-2025",,,,"not_assessed",,,
"3212","Bioingeniører","7229","6715","6714","6909","6770","6777","derived_quarterly_mean","ssb-11658-occupation-workforce-2025",,,,"not_assessed",,,
"3213","Reseptarer","2211","1924","1925","2004","1987","1960","derived_quarterly_mean","ssb-11658-occupation-workforce-2025",,,,"not_assessed",,,
"3214","Protese- og tannteknikere","1054","994","986","983","1004","991.75","derived_quarterly_mean","ssb-11658-occupation-workforce-2025",,,,"not_assessed",,,
"3230","Yrker innen alternativ medisin","210","185","182","189","185","185.25","derived_quarterly_mean","ssb-11658-occupation-workforce-2025",,,,"not_assessed",,,
"3240","Dyrepleiere","1137","935","940","1038","926","959.75","derived_quarterly_mean","ssb-11658-occupation-workforce-2025",,,,"not_assessed",,,
"3251","Tannpleiere","1077","992","979","1004","1017","998","derived_quarterly_mean","ssb-11658-occupation-workforce-2025",,,,"not_assessed",,,
"3254","Optikere","1436","1306","1303","1329","1311","1312.25","derived_quarterly_mean","ssb-11658-occupation-workforce-2025",,,,"not_assessed",,,
"3256","Helsesekretærer","9284","7921","7874","8047","7965","7951.75","derived_quarterly_mean","ssb-11658-occupation-workforce-2025",,,,"not_assessed",,,
"3257","Helse- og miljøkontrollører","5653","5284","5297","5360","5424","5341.25","derived_quarterly_mean","ssb-11658-occupation-workforce-2025",,,,"not_assessed",,,
"3258","Ambulansepersonell","5638","5185","5174","5420","5373","5288","derived_quarterly_mean","ssb-11658-occupation-workforce-2025",,,,"not_assessed",,,
"3259","Andre helseyrker","1727","1573","1587","1591","1591","1585.5","derived_quarterly_mean","ssb-11658-occupation-workforce-2025",,,,"not_assessed",,,
"3311","Finansmeglere","5234","5280","5158","5178","5163","5194.75","derived_quarterly_mean","ssb-11658-occupation-workforce-2025",,,,"not_assessed",,,
"3312","Kundebehandlere lån og kreditt","14799","14559","14529","14593","14190","14467.75","derived_quarterly_mean","ssb-11658-occupation-workforce-2025",,,,"not_assessed",,,
"3313","Regnskapsførere","19888","18036","18607","18470","18625","18434.5","derived_quarterly_mean","ssb-11658-occupation-workforce-2025",,,,"not_assessed",,,
"3315","Takstmenn","2260","2033","2087","2075","2099","2073.5","derived_quarterly_mean","ssb-11658-occupation-workforce-2025",,,,"not_assessed",,,
"3321","Forsikringsagenter","9824","9321","9365","9346","9412","9361","derived_quarterly_mean","ssb-11658-occupation-workforce-2025",,,,"not_assessed",,,
"3322","Selgere (engros)","44529","42435","42630","42578","42415","42514.5","derived_quarterly_mean","ssb-11658-occupation-workforce-2025",,,,"not_assessed",,,
"3323","Innkjøpere","7772","7019","7160","7175","7232","7146.5","derived_quarterly_mean","ssb-11658-occupation-workforce-2025",,,,"not_assessed",,,
"3324","Handels- og skipsmeglere","765","775","770","766","755","766.5","derived_quarterly_mean","ssb-11658-occupation-workforce-2025",,,,"not_assessed",,,
"3331","Speditører og befraktere","4801","4841","4822","4845","4673","4795.25","derived_quarterly_mean","ssb-11658-occupation-workforce-2025",,,,"not_assessed",,,
"3332","Konferanse- og arrangementsplanleggere mv.","1256","1080","1115","1128","1150","1118.25","derived_quarterly_mean","ssb-11658-occupation-workforce-2025",,,,"not_assessed",,,
"3333","Arbeidsformidlere","2334","2302","2310","2304","2190","2276.5","derived_quarterly_mean","ssb-11658-occupation-workforce-2025",,,,"not_assessed",,,
"3334","Eiendomsmeglere og - forvaltere","7041","6110","6244","6293","6441","6272","derived_quarterly_mean","ssb-11658-occupation-workforce-2025",,,,"not_assessed",,,
"3339","Andre yrker innen forretningstjenester","173","104","124","141","167","134","derived_quarterly_mean","ssb-11658-occupation-workforce-2025",,,,"not_assessed",,,
"3341","Arbeidsledere for kontorpersonell","7275","6933","6890","6937","6906","6916.5","derived_quarterly_mean","ssb-11658-occupation-workforce-2025",,,,"not_assessed",,,
"3342","Advokatsekretær","756","666","642","631","635","643.5","derived_quarterly_mean","ssb-11658-occupation-workforce-2025",,,,"not_assessed",,,
"3343","Sjefssekretærer","10944","10039","10042","10100","9939","10030","derived_quarterly_mean","ssb-11658-occupation-workforce-2025",,,,"not_assessed",,,
"3351","Tollere","1145","1056","1092","1086","1121","1088.75","derived_quarterly_mean","ssb-11658-occupation-workforce-2025",,,,"not_assessed",,,
"3352","Skattefunksjonærer","2598","2549","2540","2484","2445","2504.5","derived_quarterly_mean","ssb-11658-occupation-workforce-2025",,,,"not_assessed",,,
"3353","Saksbehandlere innen sosiale ytelser","4493","4515","4499","4476","4303","4448.25","derived_quarterly_mean","ssb-11658-occupation-workforce-2025",,,,"not_assessed",,,
"3354","Saksbehandlere for førerkort, importlisenser mv.","11","10","10","11","11","10.5","derived_quarterly_mean","ssb-11658-occupation-workforce-2025",,,,"not_assessed",,,
"3355","Politibetjenter mv.","12145","11744","11513","12010","11987","11813.5","derived_quarterly_mean","ssb-11658-occupation-workforce-2025",,,,"not_assessed",,,
"3359","Andre yrker innen offentlig forvaltning","6437","5923","5886","5832","5813","5863.5","derived_quarterly_mean","ssb-11658-occupation-workforce-2025",,,,"not_assessed",,,
"3411","Privatetterforskere mv.","8",,,"5",,,"unknown","ssb-11658-occupation-workforce-2025",,,,"not_assessed",,,
"3412","Miljøarbeidere innen sosiale fagfelt","16589","14900","14917","15535","15445","15199.25","derived_quarterly_mean","ssb-11658-occupation-workforce-2025",,,,"not_assessed",,,
"3413","Religiøse yrker","3071","2306","2303","2313","2307","2307.25","derived_quarterly_mean","ssb-11658-occupation-workforce-2025",,,,"not_assessed",,,
"3421","Idrettsutøvere","2253","1452","1420","1509","1615","1499","derived_quarterly_mean","ssb-11658-occupation-workforce-2025",,,,"not_assessed",,,
"3422","Trenere og idrettsdommere","7721","3852","3999","3924","4027","3950.5","derived_quarterly_mean","ssb-11658-occupation-workforce-2025",,,,"not_assessed",,,
"3423","Sports- og aktivitetsinstruktører","4867","2265","2171","2045","2154","2158.75","derived_quarterly_mean","ssb-11658-occupation-workforce-2025",,,,"not_assessed",,,
"3431","Fotografer og filmfotografer","1245","1044","1104","1103","1127","1094.5","derived_quarterly_mean","ssb-11658-occupation-workforce-2025",,,,"not_assessed",,,
"3432","Interiørdesignere og dekoratører","1615","1408","1434","1447","1488","1444.25","derived_quarterly_mean","ssb-11658-occupation-workforce-2025",,,,"not_assessed",,,
"3433","Tekniske konservatorer","219","169","175","179","183","176.5","derived_quarterly_mean","ssb-11658-occupation-workforce-2025",,,,"not_assessed",,,
"3434","Sjefskokker","3215","2973","3061","3035","3029","3024.5","derived_quarterly_mean","ssb-11658-occupation-workforce-2025",,,,"not_assessed",,,
"3439","Andre yrker innen estetiske fag","1906","1574","1645","1635","1604","1614.5","derived_quarterly_mean","ssb-11658-occupation-workforce-2025",,,,"not_assessed",,,
"3511","Driftsteknikere, IKT","16269","15690","15627","15731","15650","15674.5","derived_quarterly_mean","ssb-11658-occupation-workforce-2025",,,,"not_assessed",,,
"3512","Brukerstøtte, IKT","5012","4742","4762","4781","4752","4759.25","derived_quarterly_mean","ssb-11658-occupation-workforce-2025",,,,"not_assessed",,,
"3513","Nettverks- og systemteknikere, IKT","797","771","787","783","780","780.25","derived_quarterly_mean","ssb-11658-occupation-workforce-2025",,,,"not_assessed",,,
"3514","Internett-teknikere","226","221","221","221","214","219.25","derived_quarterly_mean","ssb-11658-occupation-workforce-2025",,,,"not_assessed",,,
"3521","Teknikere innen radio og tv","1490","1329","1264","1244","1312","1287.25","derived_quarterly_mean","ssb-11658-occupation-workforce-2025",,,,"not_assessed",,,
"3522","Teknikere innen telekom","1304","1234","1221","1182","1179","1204","derived_quarterly_mean","ssb-11658-occupation-workforce-2025",,,,"not_assessed",,,
"4110","Kontormedarbeidere","54938","47418","46885","47855","46542","47175","derived_quarterly_mean","ssb-11658-occupation-workforce-2025","0.25","0.45","0.65","assumption","occupation-factor-assumptions-v0","document_intensive","Frequent structured document tasks but assumed less compute-intensive use than developer agents"
"4131","Stenografer mv.","19","13","14","14","15","14","derived_quarterly_mean","ssb-11658-occupation-workforce-2025",,,,"not_assessed",,,
"4132","Dataregistrere","620","526","587","598","570","570.25","derived_quarterly_mean","ssb-11658-occupation-workforce-2025",,,,"not_assessed",,,
"4211","Kundebehandlere, bank og postkontor","787","628","587","647","651","628.25","derived_quarterly_mean","ssb-11658-occupation-workforce-2025",,,,"not_assessed",,,
"4212","Bingoverter, bookmakere mv.","482","387","388","389","328","373","derived_quarterly_mean","ssb-11658-occupation-workforce-2025",,,,"not_assessed",,,
"4213","Pantelånere mv.","0",,,,,,"unknown","ssb-11658-occupation-workforce-2025",,,,"not_assessed",,,
"4214","Inkassomedarbeidere mv.","1355","1244","1190","1206","1217","1214.25","derived_quarterly_mean","ssb-11658-occupation-workforce-2025",,,,"not_assessed",,,
"4221","Reisebyråmedarbeidere mv.","4510","3784","3898","4233","3874","3947.25","derived_quarterly_mean","ssb-11658-occupation-workforce-2025",,,,"not_assessed",,,
"4222","Kundesentermedarbeidere","5431","4746","4828","4998","4884","4864","derived_quarterly_mean","ssb-11658-occupation-workforce-2025",,,,"not_assessed",,,
"4223","Sentralbordoperatører","716","620","604","612","585","605.25","derived_quarterly_mean","ssb-11658-occupation-workforce-2025",,,,"not_assessed",,,
"4224","Hotellresepsjonister","9029","6333","6883","9808","6367","7347.75","derived_quarterly_mean","ssb-11658-occupation-workforce-2025",,,,"not_assessed",,,
"4225","Informasjonsskrankemedarbeidere","450","370","371","403","370","378.5","derived_quarterly_mean","ssb-11658-occupation-workforce-2025",,,,"not_assessed",,,
"4226","Resepsjonister (ekskl. hotell)","8073","6003","6024","6222","6041","6072.5","derived_quarterly_mean","ssb-11658-occupation-workforce-2025",,,,"not_assessed",,,
"4227","Intervjuere","644","208","196","200","255","214.75","derived_quarterly_mean","ssb-11658-occupation-workforce-2025",,,,"not_assessed",,,
"4229","Andre opplysningsmedarbeidere","874","599","590","601","670","615","derived_quarterly_mean","ssb-11658-occupation-workforce-2025",,,,"not_assessed",,,
"4311","Regnskapsmedarbeidere","15717","15069","14140","13916","14218","14335.75","derived_quarterly_mean","ssb-11658-occupation-workforce-2025","0.25","0.45","0.65","assumption","occupation-factor-assumptions-v0","document_intensive","Structured records and reconciliation with high automation potential but uncertain inference intensity"
"4312","Forsikrings- og finansmedarbeidere","346","322","318","321","318","319.75","derived_quarterly_mean","ssb-11658-occupation-workforce-2025",,,,"not_assessed",,,
"4313","Lønningsmedarbeidere","2139","2055","2043","2056","2058","2053","derived_quarterly_mean","ssb-11658-occupation-workforce-2025",,,,"not_assessed",,,
"4321","Lagermedarbeidere og material-forvaltere","37855","31858","32207","34179","33051","32823.75","derived_quarterly_mean","ssb-11658-occupation-workforce-2025",,,,"not_assessed",,,
"4322","Logistikkmedarbeidere","11408","10388","10670","11005","10940","10750.75","derived_quarterly_mean","ssb-11658-occupation-workforce-2025",,,,"not_assessed",,,
"4323","Transportfunksjonærer","7219","6472","6353","6532","6695","6513","derived_quarterly_mean","ssb-11658-occupation-workforce-2025",,,,"not_assessed",,,
"4411","Bibliotekassistenter","324","129","131","128","128","129","derived_quarterly_mean","ssb-11658-occupation-workforce-2025",,,,"not_assessed",,,
"4412","Postbud og postsorterere","3245","2667",,,"2660",,"unknown","ssb-11658-occupation-workforce-2025",,,,"not_assessed",,,
"4413","Kodere mv.","3",,,,,,"unknown","ssb-11658-occupation-workforce-2025",,,,"not_assessed",,,
"4415","Arkivassistenter","974","814","810","801","787","803","derived_quarterly_mean","ssb-11658-occupation-workforce-2025",,,,"not_assessed",,,
"4416","Personalkontormedarbeidere","858","773","775","810","795","788.25","derived_quarterly_mean","ssb-11658-occupation-workforce-2025",,,,"not_assessed",,,
"5111","Flyverter, båtverter mv.","2720","2566","2572","2595","2423","2539","derived_quarterly_mean","ssb-11658-occupation-workforce-2025",,,,"not_assessed",,,
"5112","Konduktører","1390","1318","1328","1398","1322","1341.5","derived_quarterly_mean","ssb-11658-occupation-workforce-2025",,,,"not_assessed",,,
"5113","Reiseledere og guider","2130","1501","1392","2875","1323","1772.75","derived_quarterly_mean","ssb-11658-occupation-workforce-2025",,,,"not_assessed",,,
"5120","Kokker","23462","19083","19588","20488","19990","19787.25","derived_quarterly_mean","ssb-11658-occupation-workforce-2025",,,,"not_assessed",,,
"5131","Servitører","24470","14456","15191","18382","15011","15760","derived_quarterly_mean","ssb-11658-occupation-workforce-2025",,,,"not_assessed",,,
"5132","Bartendere","6975","3758","3911","4143","3919","3932.75","derived_quarterly_mean","ssb-11658-occupation-workforce-2025",,,,"not_assessed",,,
"5141","Frisører","8898","7686","7615","7565","7633","7624.75","derived_quarterly_mean","ssb-11658-occupation-workforce-2025",,,,"not_assessed",,,
"5142","Kosmetologer mv.","3038","2242","2254","2334","2329","2289.75","derived_quarterly_mean","ssb-11658-occupation-workforce-2025",,,,"not_assessed",,,
"5151","Renholdsledere i bedrifter","2357","2200","2210","2240","2186","2209","derived_quarterly_mean","ssb-11658-occupation-workforce-2025",,,,"not_assessed",,,
"5152","Husholdere","215","179","192","207","171","187.25","derived_quarterly_mean","ssb-11658-occupation-workforce-2025",,,,"not_assessed",,,
"5153","Vaktmestre","22641","18348","18809","20538","18633","19082","derived_quarterly_mean","ssb-11658-occupation-workforce-2025",,,,"not_assessed",,,
"5161","Astrologer mv.","0",,,,,,"unknown","ssb-11658-occupation-workforce-2025",,,,"not_assessed",,,
"5163","Begravelsesbyrå- og krematoriearbeidere","1016","770","771","852","809","800.5","derived_quarterly_mean","ssb-11658-occupation-workforce-2025",,,,"not_assessed",,,
"5164","Dyrepassere og - trenere mv.","1133","703","719","868","786","769","derived_quarterly_mean","ssb-11658-occupation-workforce-2025",,,,"not_assessed",,,
"5165","Kjøreskolelærere","2055","1739","1875","1919","1965","1874.5","derived_quarterly_mean","ssb-11658-occupation-workforce-2025",,,,"not_assessed",,,
"5169","Andre personlige tjenesteytere","497","180","197","235","210","205.5","derived_quarterly_mean","ssb-11658-occupation-workforce-2025",,,,"not_assessed",,,
"5211","Torghandlere","347","264","284","341","283","293","derived_quarterly_mean","ssb-11658-occupation-workforce-2025",,,,"not_assessed",,,
"5212","Gateselgere, mat","17","9","19","38","13","19.75","derived_quarterly_mean","ssb-11658-occupation-workforce-2025",,,,"not_assessed",,,
"5221","Innehavere av kiosk/liten butikk","148","134","134","137","129","133.5","derived_quarterly_mean","ssb-11658-occupation-workforce-2025",,,,"not_assessed",,,
"5222","Butikkavdelingssjefer","5461","5156","5161","5223","5246","5196.5","derived_quarterly_mean","ssb-11658-occupation-workforce-2025",,,,"not_assessed",,,
"5223","Butikkmedarbeidere","165565","87732","89831","98101","89728","91348","derived_quarterly_mean","ssb-11658-occupation-workforce-2025","0.03","0.10","0.25","assumption","occupation-factor-assumptions-v0","interpersonal","Physical sales and stocking with some product lookup and customer support"
"5230","Billettselgere","412","211","264","334","239","262","derived_quarterly_mean","ssb-11658-occupation-workforce-2025",,,,"not_assessed",,,
"5241","Mannekenger og modeller","61","39","29","34","33","33.75","derived_quarterly_mean","ssb-11658-occupation-workforce-2025",,,,"not_assessed",,,
"5242","Demonstrasjonsselgere","73","59","67","60","58","61","derived_quarterly_mean","ssb-11658-occupation-workforce-2025",,,,"not_assessed",,,
"5243","Dørselgere","309","230","310","375","245","290","derived_quarterly_mean","ssb-11658-occupation-workforce-2025",,,,"not_assessed",,,
"5244","Telefon- og nettselgere","3872","3167","3163","3098","3080","3127","derived_quarterly_mean","ssb-11658-occupation-workforce-2025",,,,"not_assessed",,,
"5245","Servicemedarbeidere (bensinstasjon)","656","457","496","502","494","487.25","derived_quarterly_mean","ssb-11658-occupation-workforce-2025",,,,"not_assessed",,,
"5246","Gatekjøkken- og kafémedarbeidere mv.","16444","8287","8972","10516","8801","9144","derived_quarterly_mean","ssb-11658-occupation-workforce-2025",,,,"not_assessed",,,
"5249","Andre salgsmedarbeidere","3610","3130","3025","3177","3023","3088.75","derived_quarterly_mean","ssb-11658-occupation-workforce-2025",,,,"not_assessed",,,
"5311","Barnehage- og skolefritidsassistenter mv.","94513","74013","73890","69875","73662","72860","derived_quarterly_mean","ssb-11658-occupation-workforce-2025",,,,"not_assessed",,,
"5312","Skoleassistenter","13176","9380","9331","7840","8963","8878.5","derived_quarterly_mean","ssb-11658-occupation-workforce-2025",,,,"not_assessed",,,
"5321","Helsefagarbeidere","96139","78744","78420","80551","78994","79177.25","derived_quarterly_mean","ssb-11658-occupation-workforce-2025","0.02","0.05","0.12","assumption","occupation-factor-assumptions-v0","physical_and_personal_care","Hands-on care dominates with limited documentation and planning assistance"
"5322","Hjemmehjelper","15096","8916","8969","9884","9360","9282.25","derived_quarterly_mean","ssb-11658-occupation-workforce-2025",,,,"not_assessed",,,
"5329","Andre pleiemedarbeidere","71067","40708","40655","56817","41795","44993.75","derived_quarterly_mean","ssb-11658-occupation-workforce-2025",,,,"not_assessed",,,
"5411","Brannkonstabler","4307","4328","4400","4556","4464","4437","derived_quarterly_mean","ssb-11658-occupation-workforce-2025",,,,"not_assessed",,,
"5413","Fengselsbetjenter","3687","3425","3405","3787","3452","3517.25","derived_quarterly_mean","ssb-11658-occupation-workforce-2025",,,,"not_assessed",,,
"5414","Vektere","10460","7634","7864","8394","8089","7995.25","derived_quarterly_mean","ssb-11658-occupation-workforce-2025",,,,"not_assessed",,,
"5419","Andre sikkerhetsarbeidere","3309","1936","1997","2374","2030","2084.25","derived_quarterly_mean","ssb-11658-occupation-workforce-2025",,,,"not_assessed",,,
"6111","Korn- og grønnsaksprodusenter","151","89","133","163","114","124.75","derived_quarterly_mean","ssb-11658-occupation-workforce-2025",,,,"not_assessed",,,
"6112","Frukt- og bærprodusenter","24","21","20","30","16","21.75","derived_quarterly_mean","ssb-11658-occupation-workforce-2025",,,,"not_assessed",,,
"6113","Gartnere","6265","4850","6145","7114","5682","5947.75","derived_quarterly_mean","ssb-11658-occupation-workforce-2025","0.01","0.03","0.08","assumption","occupation-factor-assumptions-v0","physical","Outdoor and cultivation work dominates with occasional planning and administration"
"6114","Kombinasjonsbrukere, nyttevekster","0","0","0","0","0","0","derived_quarterly_mean","ssb-11658-occupation-workforce-2025",,,,"not_assessed",,,
"6121","Melke- og husdyrprodusenter","3741","2088","2292","2536","2483","2349.75","derived_quarterly_mean","ssb-11658-occupation-workforce-2025",,,,"not_assessed",,,
"6122","Egg- og fjærfeprodusenter","391","222","249","246","251","242","derived_quarterly_mean","ssb-11658-occupation-workforce-2025",,,,"not_assessed",,,
"6123","Birøktere mv.","10",,"8","11","8",,"unknown","ssb-11658-occupation-workforce-2025",,,,"not_assessed",,,
"6129","Andre dyreoppdrettere og røktere","0",,,,,,"unknown","ssb-11658-occupation-workforce-2025",,,,"not_assessed",,,
"6130","Plante- og husdyrprodusenter (kombinasjonsbruk)","6626","2623","3204","4020","3585","3358","derived_quarterly_mean","ssb-11658-occupation-workforce-2025",,,,"not_assessed",,,
"6210","Skogbrukere","1232","788","1044","1310","1149","1072.75","derived_quarterly_mean","ssb-11658-occupation-workforce-2025",,,,"not_assessed",,,
"6221","Havbruksarbeidere","8003","7012","7147","8183","7403","7436.25","derived_quarterly_mean","ssb-11658-occupation-workforce-2025",,,,"not_assessed",,,
"6222","Fiskere","530","423","420","414","460","429.25","derived_quarterly_mean","ssb-11658-occupation-workforce-2025",,,,"not_assessed",,,
"6224","Fangstfolk","33","12","8","15","14","12.25","derived_quarterly_mean","ssb-11658-occupation-workforce-2025",,,,"not_assessed",,,
"7112","Murere","4211","3879","3942","4045","4040","3976.5","derived_quarterly_mean","ssb-11658-occupation-workforce-2025",,,,"not_assessed",,,
"7113","Steinhoggere mv.","742","609","675","698","716","674.5","derived_quarterly_mean","ssb-11658-occupation-workforce-2025",,,,"not_assessed",,,
"7114","Betongarbeidere","10861","9998","10052","10283","10482","10203.75","derived_quarterly_mean","ssb-11658-occupation-workforce-2025",,,,"not_assessed",,,
"7115","Tømrere og snekkere","46454","44140","43727","43389","44951","44051.75","derived_quarterly_mean","ssb-11658-occupation-workforce-2025","0.02","0.05","0.12","assumption","occupation-factor-assumptions-v0","physical","On-site work dominates with some estimates planning and documentation"
"7119","Andre bygningsarbeidere","7229","6265","6706","6864","7062","6724.25","derived_quarterly_mean","ssb-11658-occupation-workforce-2025",,,,"not_assessed",,,
"7121","Taktekkere","1579","1430","1451","1493","1541","1478.75","derived_quarterly_mean","ssb-11658-occupation-workforce-2025",,,,"not_assessed",,,
"7122","Gulv- og flisleggere","2362","2196","2207","2170","2258","2207.75","derived_quarterly_mean","ssb-11658-occupation-workforce-2025",,,,"not_assessed",,,
"7123","Gips- og sparklingsarbeidere","18",,,"12","14",,"unknown","ssb-11658-occupation-workforce-2025",,,,"not_assessed",,,
"7124","Isolatører mv.","2619","2377","2312","2421","2540","2412.5","derived_quarterly_mean","ssb-11658-occupation-workforce-2025",,,,"not_assessed",,,
"7125","Glassarbeidere","1428","1401","1401","1353","1368","1380.75","derived_quarterly_mean","ssb-11658-occupation-workforce-2025",,,,"not_assessed",,,
"7126","Rørleggere og VVS-montører","21230","19857","19621","19852","20610","19985","derived_quarterly_mean","ssb-11658-occupation-workforce-2025",,,,"not_assessed",,,
"7127","Kuldemontører mv.","1434","1408","1366","1368","1407","1387.25","derived_quarterly_mean","ssb-11658-occupation-workforce-2025",,,,"not_assessed",,,
"7131","Malere og byggtapetserere","7753","7241","7667","7916","7436","7565","derived_quarterly_mean","ssb-11658-occupation-workforce-2025",,,,"not_assessed",,,
"7132","Overflatebehandlere og lakkerere","5154","4803","5167","5412","4994","5094","derived_quarterly_mean","ssb-11658-occupation-workforce-2025",,,,"not_assessed",,,
"7133","Feiere, fasaderenholdere mv.","857","822","829","850","841","835.5","derived_quarterly_mean","ssb-11658-occupation-workforce-2025",,,,"not_assessed",,,
"7211","Støpere","270","208","243","255","264","242.5","derived_quarterly_mean","ssb-11658-occupation-workforce-2025",,,,"not_assessed",,,
"7212","Sveisere","9044","8284","8754","8546","8684","8567","derived_quarterly_mean","ssb-11658-occupation-workforce-2025",,,,"not_assessed",,,
"7213","Kopper- og blikkenslagere","4792","4540","4527","4522","4622","4552.75","derived_quarterly_mean","ssb-11658-occupation-workforce-2025",,,,"not_assessed",,,
"7214","Platearbeidere","5801","5566","5667","5604","5604","5610.25","derived_quarterly_mean","ssb-11658-occupation-workforce-2025",,,,"not_assessed",,,
"7215","Riggere og spleisere","1928","1551","1745","1869","1818","1745.75","derived_quarterly_mean","ssb-11658-occupation-workforce-2025",,,,"not_assessed",,,
"7221","Smeder","315","254","256","275","248","258.25","derived_quarterly_mean","ssb-11658-occupation-workforce-2025",,,,"not_assessed",,,
"7222","Verktøymaker, låsesmeder mv.","2677","2508","2513","2536","2599","2539","derived_quarterly_mean","ssb-11658-occupation-workforce-2025",,,,"not_assessed",,,
"7223","Metalldreiere mv.","2486","2461","2401","2427","2353","2410.5","derived_quarterly_mean","ssb-11658-occupation-workforce-2025",,,,"not_assessed",,,
"7224","Metallslipere","75","68","69","68","72","69.25","derived_quarterly_mean","ssb-11658-occupation-workforce-2025",,,,"not_assessed",,,
"7231","Bilmekanikere","22944","20263","21320","20426","21894","20975.75","derived_quarterly_mean","ssb-11658-occupation-workforce-2025",,,,"not_assessed",,,
"7232","Mekanikere innen flytekniske fag","1202","1226","1173","1163","1179","1185.25","derived_quarterly_mean","ssb-11658-occupation-workforce-2025",,,,"not_assessed",,,
"7233","Anleggsmaskin- og industrimekanikere","23043","22507","21807","22095","22237","22161.5","derived_quarterly_mean","ssb-11658-occupation-workforce-2025",,,,"not_assessed",,,
"7234","Sykkelreparatører mv.","373","254","281","356","320","302.75","derived_quarterly_mean","ssb-11658-occupation-workforce-2025",,,,"not_assessed",,,
"7311","Presisjonsinstrumentmakere og -reparatører","548","515","515","523","515","517","derived_quarterly_mean","ssb-11658-occupation-workforce-2025",,,,"not_assessed",,,
"7312","Musikkinstrumentmakere og -stemmere","68","47","48","45","49","47.25","derived_quarterly_mean","ssb-11658-occupation-workforce-2025",,,,"not_assessed",,,
"7313","Gull- og sølvsmeder, gravører mv.","371","324","325","323","322","323.5","derived_quarterly_mean","ssb-11658-occupation-workforce-2025",,,,"not_assessed",,,
"7314","Keramikere mv.","29","12","12","11","15","12.5","derived_quarterly_mean","ssb-11658-occupation-workforce-2025",,,,"not_assessed",,,
"7315","Glasshåndverkere","72","56","55","59","64","58.5","derived_quarterly_mean","ssb-11658-occupation-workforce-2025",,,,"not_assessed",,,
"7316","Dekormalere mv.","17","12","11","11","13","11.75","derived_quarterly_mean","ssb-11658-occupation-workforce-2025",,,,"not_assessed",,,
"7317","Kunsthåndverkere i tre mv.","14","12","12","10","10","11","derived_quarterly_mean","ssb-11658-occupation-workforce-2025",,,,"not_assessed",,,
"7318","Vevere, strikkere mv. (innen husflidsproduksjon)","444","285","292","274","278","282.25","derived_quarterly_mean","ssb-11658-occupation-workforce-2025",,,,"not_assessed",,,
"7319","Andre kunsthåndverkere","170","173","168","173","160","168.5","derived_quarterly_mean","ssb-11658-occupation-workforce-2025",,,,"not_assessed",,,
"7321","Førtrykkere","806","772","759","758","743","758","derived_quarterly_mean","ssb-11658-occupation-workforce-2025",,,,"not_assessed",,,
"7322","Trykkere","1040","943","942","979","927","947.75","derived_quarterly_mean","ssb-11658-occupation-workforce-2025",,,,"not_assessed",,,
"7323","Innbindere mv.","229","194","199","195","200","197","derived_quarterly_mean","ssb-11658-occupation-workforce-2025",,,,"not_assessed",,,
"7411","Elektrikere","34783","33803","32446","32643","33969","33215.25","derived_quarterly_mean","ssb-11658-occupation-workforce-2025","0.02","0.07","0.15","assumption","occupation-factor-assumptions-v0","physical","Installation work dominates with diagnostic planning and documentation assistance"
"7412","Automatikere","6479","6659","6003","6318","6306","6321.5","derived_quarterly_mean","ssb-11658-occupation-workforce-2025",,,,"not_assessed",,,
"7413","Energimontører","4389","4126","4090","4122","4298","4159","derived_quarterly_mean","ssb-11658-occupation-workforce-2025",,,,"not_assessed",,,
"7421","Serviceelektronikere","1346","1591","1277","1284","1300","1363","derived_quarterly_mean","ssb-11658-occupation-workforce-2025",,,,"not_assessed",,,
"7422","Tele- og IKT-installatører","4090","3668","3864","3848","3917","3824.25","derived_quarterly_mean","ssb-11658-occupation-workforce-2025",,,,"not_assessed",,,
"7511","Slaktere, fiskehandlere mv.","2458","2031","1952","1943","2185","2027.75","derived_quarterly_mean","ssb-11658-occupation-workforce-2025",,,,"not_assessed",,,
"7512","Bakere, konditorer mv.","1592","1579","1473","1506","1496","1513.5","derived_quarterly_mean","ssb-11658-occupation-workforce-2025",,,,"not_assessed",,,
"7513","Ystere mv. (gårdsproduksjon)","3",,,,,,"unknown","ssb-11658-occupation-workforce-2025",,,,"not_assessed",,,
"7514","Saftere, syltere mv. (gårdsproduksjon)","9",,,,,,"unknown","ssb-11658-occupation-workforce-2025",,,,"not_assessed",,,
"7515","Prøvesmakere og kvalitetsbedømmere av mat og drikke","96","86","88","89","88","87.75","derived_quarterly_mean","ssb-11658-occupation-workforce-2025",,,,"not_assessed",,,
"7522","Møbelsnekkere","2075","1892","1860","1861","1889","1875.5","derived_quarterly_mean","ssb-11658-occupation-workforce-2025",,,,"not_assessed",,,
"7531","Skreddere, buntmakere mv.","565","458","459","465","490","468","derived_quarterly_mean","ssb-11658-occupation-workforce-2025",,,,"not_assessed",,,
"7532","Gradører","50","47","45","44","48","46","derived_quarterly_mean","ssb-11658-occupation-workforce-2025",,,,"not_assessed",,,
"7534","Møbeltapetserere mv.","301","279","279","279","275","278","derived_quarterly_mean","ssb-11658-occupation-workforce-2025",,,,"not_assessed",,,
"7535","Skinnberedere og garvere","84","78","73","72","74","74.25","derived_quarterly_mean","ssb-11658-occupation-workforce-2025",,,,"not_assessed",,,
"7536","Skomakere","46","37","40","39","43","39.75","derived_quarterly_mean","ssb-11658-occupation-workforce-2025",,,,"not_assessed",,,
"7541","Yrkesdykkere","643","527","600","576","625","582","derived_quarterly_mean","ssb-11658-occupation-workforce-2025",,,,"not_assessed",,,
"7542","Skytebaser og sprengningsarbeidere","2129","1956","1993","1959","2094","2000.5","derived_quarterly_mean","ssb-11658-occupation-workforce-2025",,,,"not_assessed",,,
"7543","Produkttestere (ikke matprodukter)","36","26","28","27","34","28.75","derived_quarterly_mean","ssb-11658-occupation-workforce-2025",,,,"not_assessed",,,
"7544","Desinfeksjonsarbeidere og skadedyrbekjempere","450","403","421","431","432","421.75","derived_quarterly_mean","ssb-11658-occupation-workforce-2025",,,,"not_assessed",,,
"7549","Andre håndverkere","839","654","659","642","656","652.75","derived_quarterly_mean","ssb-11658-occupation-workforce-2025",,,,"not_assessed",,,
"8111","Bergfagarbeidere","672","704","699","680","650","683.25","derived_quarterly_mean","ssb-11658-occupation-workforce-2025",,,,"not_assessed",,,
"8112","Prosessoperatører (oppredning)","207","208","202","196","208","203.5","derived_quarterly_mean","ssb-11658-occupation-workforce-2025",,,,"not_assessed",,,
"8113","Operatører innen boring mv.","14620","9498","14022","14385","14365","13067.5","derived_quarterly_mean","ssb-11658-occupation-workforce-2025",,,,"not_assessed",,,
"8114","Operatører innen produksjon av betong mv.","2234","2060","2016","2111","2152","2084.75","derived_quarterly_mean","ssb-11658-occupation-workforce-2025",,,,"not_assessed",,,
"8121","Operatører innen metallurgiske prosessfag","8744","8287","8576","8602","8378","8460.75","derived_quarterly_mean","ssb-11658-occupation-workforce-2025",,,,"not_assessed",,,
"8122","Operatører innen metallflatebehandling","0","0","0","0","0","0","derived_quarterly_mean","ssb-11658-occupation-workforce-2025",,,,"not_assessed",,,
"8131","Operatører innen kjemisk industri","10168","9802","9806","10208","9989","9951.25","derived_quarterly_mean","ssb-11658-occupation-workforce-2025",,,,"not_assessed",,,
"8132","Operatører innen produksjon av fotofilm og -papir mv.","48","34","32","35","40","35.25","derived_quarterly_mean","ssb-11658-occupation-workforce-2025",,,,"not_assessed",,,
"8141","Operatører innen produksjon av gummiprodukter","286","283","281","284","278","281.5","derived_quarterly_mean","ssb-11658-occupation-workforce-2025",,,,"not_assessed",,,
"8142","Operatører innen plastprodukter","2351","2309","2316","2223","2222","2267.5","derived_quarterly_mean","ssb-11658-occupation-workforce-2025",,,,"not_assessed",,,
"8143","Operatører innen papirprodukter","614","542","523","518","518","525.25","derived_quarterly_mean","ssb-11658-occupation-workforce-2025",,,,"not_assessed",,,
"8151","Spinne- og nøstemaskinoperatører","151","125","124","128","135","128","derived_quarterly_mean","ssb-11658-occupation-workforce-2025",,,,"not_assessed",,,
"8152","Operatører innen tekstilproduksjon mv.","944","876","869","876","852","868.25","derived_quarterly_mean","ssb-11658-occupation-workforce-2025",,,,"not_assessed",,,
"8153","Industrisyere","792","673","723","714","700","702.5","derived_quarterly_mean","ssb-11658-occupation-workforce-2025",,,,"not_assessed",,,
"8154","Operatører innen tekstilbearbeiding","72","50","52","55","61","54.5","derived_quarterly_mean","ssb-11658-occupation-workforce-2025",,,,"not_assessed",,,
"8155","Operatører innen pels, skinn- og lærbearbeiding","0",,,,,,"unknown","ssb-11658-occupation-workforce-2025",,,,"not_assessed",,,
"8156","Operatører innen skinn og lærprodukter","43","40","35","39","34","37","derived_quarterly_mean","ssb-11658-occupation-workforce-2025",,,,"not_assessed",,,
"8157","Renseri- og vaskerimaskinoperatører","2688","2101","2159","2671","2156","2271.75","derived_quarterly_mean","ssb-11658-occupation-workforce-2025",,,,"not_assessed",,,
"8159","Andre operatører innen produksjon av tekstiler, pels, skinn og lær","0","0","0","0","0","0","derived_quarterly_mean","ssb-11658-occupation-workforce-2025",,,,"not_assessed",,,
"8160","Operatører innen næringsmiddelproduksjon","28859","23830","24226","26618","25847","25130.25","derived_quarterly_mean","ssb-11658-occupation-workforce-2025",,,,"not_assessed",,,
"8171","Operatører innen treforedling","2862","2634","2632","2715","2624","2651.25","derived_quarterly_mean","ssb-11658-occupation-workforce-2025",,,,"not_assessed",,,
"8172","Operatører innen trelastproduksjon","3497","3262","3272","3282","3247","3265.75","derived_quarterly_mean","ssb-11658-occupation-workforce-2025",,,,"not_assessed",,,
"8181","Operatører innen glass- og keramisk produksjon","1142","1053","1102","1091","1054","1075","derived_quarterly_mean","ssb-11658-occupation-workforce-2025",,,,"not_assessed",,,
"8182","Fyrkjele- og turbinoperatører","1329","1265","1264","1290","1276","1273.75","derived_quarterly_mean","ssb-11658-occupation-workforce-2025",,,,"not_assessed",,,
"8183","Pakke-, tappe- og etikettmaskinoperatører","994","829","814","878","927","862","derived_quarterly_mean","ssb-11658-occupation-workforce-2025",,,,"not_assessed",,,
"8189","Andre stasjonære maskinoperatører","0","0","0","0","0","0","derived_quarterly_mean","ssb-11658-occupation-workforce-2025",,,,"not_assessed",,,
"8211","Montører av mekaniske produkter","2553","2212","2300","2427","2454","2348.25","derived_quarterly_mean","ssb-11658-occupation-workforce-2025",,,,"not_assessed",,,
"8212","Montører av elektriske og elektroniske produkter","4879","4184","4251","4557","4649","4410.25","derived_quarterly_mean","ssb-11658-occupation-workforce-2025",,,,"not_assessed",,,
"8219","Andre montører","73","69","73","76","71","72.25","derived_quarterly_mean","ssb-11658-occupation-workforce-2025",,,,"not_assessed",,,
"8311","Lokomotiv og T-baneførere","2134","2052","2069","2039","2044","2051","derived_quarterly_mean","ssb-11658-occupation-workforce-2025",,,,"not_assessed",,,
"8312","Skiftekonduktører mv","85","132","105","92","84","103.25","derived_quarterly_mean","ssb-11658-occupation-workforce-2025",,,,"not_assessed",,,
"8322","Bil-, drosje- og varebilførere","15995","13243","13268","13590","13599","13425","derived_quarterly_mean","ssb-11658-occupation-workforce-2025",,,,"not_assessed",,,
"8331","Bussjåfører og trikkeførere","17126","14754","14764","15148","15088","14938.5","derived_quarterly_mean","ssb-11658-occupation-workforce-2025",,,,"not_assessed",,,
"8332","Lastebil- og trailersjåfører","27343","25773","25813","26009","26199","25948.5","derived_quarterly_mean","ssb-11658-occupation-workforce-2025","0.01","0.04","0.10","assumption","occupation-factor-assumptions-v0","physical","Driving dominates with limited administration; autonomous driving is outside the GenAI scope"
"8341","Jordbruks- og skogbruksmaskinførere","924","836","830","849","865","845","derived_quarterly_mean","ssb-11658-occupation-workforce-2025",,,,"not_assessed",,,
"8342","Anleggsmaskinførere","20643","19452","19476","19901","20008","19709.25","derived_quarterly_mean","ssb-11658-occupation-workforce-2025",,,,"not_assessed",,,
"8343","Kran- og heisførere mv.","2012","2396","1926","1845","1865","2008","derived_quarterly_mean","ssb-11658-occupation-workforce-2025",,,,"not_assessed",,,
"8344","Truckførere","760","681","699","714","712","701.5","derived_quarterly_mean","ssb-11658-occupation-workforce-2025",,,,"not_assessed",,,
"8350","Dekks- og maskinmannskap (skip)","6627","6053","6244","6764","6478","6384.75","derived_quarterly_mean","ssb-11658-occupation-workforce-2025",,,,"not_assessed",,,
"9111","Renholdere i private hjem","464","251","270","271","283","268.75","derived_quarterly_mean","ssb-11658-occupation-workforce-2025",,,,"not_assessed",,,
"9112","Renholdere i bedrifter","60635","45287","45485","48830","45969","46392.75","derived_quarterly_mean","ssb-11658-occupation-workforce-2025","0.00","0.01","0.04","assumption","occupation-factor-assumptions-v0","physical","Physical cleaning dominates with limited scheduling and reporting"
"9122","Bilvaskere","3523","2735","2969","2966","2978","2912","derived_quarterly_mean","ssb-11658-occupation-workforce-2025",,,,"not_assessed",,,
"9123","Vinduspussere","132","89","121","115","120","111.25","derived_quarterly_mean","ssb-11658-occupation-workforce-2025",,,,"not_assessed",,,
"9129","Andre rengjørere","11",,,,"10",,"unknown","ssb-11658-occupation-workforce-2025",,,,"not_assessed",,,
"9211","Hjelpearbeidere i nyttevekstproduksjon","324","62","212","1283","256","453.25","derived_quarterly_mean","ssb-11658-occupation-workforce-2025",,,,"not_assessed",,,
"9212","Hjelpearbeidere i husdyrproduksjon","811","476","477","500","459","478","derived_quarterly_mean","ssb-11658-occupation-workforce-2025",,,,"not_assessed",,,
"9213","Hjelpearbeidere i kombinasjonsbruk","831","292","430","756","494","493","derived_quarterly_mean","ssb-11658-occupation-workforce-2025",,,,"not_assessed",,,
"9214","Hjelpearbeidere i gartneri mv.","1691","1095","1537","2566","1398","1649","derived_quarterly_mean","ssb-11658-occupation-workforce-2025",,,,"not_assessed",,,
"9215","Hjelpearbeidere i skogbruk","95","48","59","70","64","60.25","derived_quarterly_mean","ssb-11658-occupation-workforce-2025",,,,"not_assessed",,,
"9216","Hjelpearbeidere innen havbruk","173","62","82","230","117","122.75","derived_quarterly_mean","ssb-11658-occupation-workforce-2025",,,,"not_assessed",,,
"9311","Hjelpearbeidere i bergverk","38","21","23","39","26","27.25","derived_quarterly_mean","ssb-11658-occupation-workforce-2025",,,,"not_assessed",,,
"9312","Hjelpearbeidere i anlegg","16226","13575","14033","15657","14737","14500.5","derived_quarterly_mean","ssb-11658-occupation-workforce-2025",,,,"not_assessed",,,
"9313","Hjelpearbeidere i bygg","7069","5784","5761","6654","6062","6065.25","derived_quarterly_mean","ssb-11658-occupation-workforce-2025",,,,"not_assessed",,,
"9321","Håndpakkere mv.","1052","702","696","727","690","703.75","derived_quarterly_mean","ssb-11658-occupation-workforce-2025",,,,"not_assessed",,,
"9329","Andre hjelpearbeidere i industri","8298","6433","6653","7481","6392","6739.75","derived_quarterly_mean","ssb-11658-occupation-workforce-2025",,,,"not_assessed",,,
"9331","Førere av ikke-motorisert kjøretøy","3","0","0",,,,"unknown","ssb-11658-occupation-workforce-2025",,,,"not_assessed",,,
"9333","Laste- og lossearbeidere","5055","3693","3777","4330","3663","3865.75","derived_quarterly_mean","ssb-11658-occupation-workforce-2025",,,,"not_assessed",,,
"9334","Varepåfyllere","1599","847","875","1162","898","945.5","derived_quarterly_mean","ssb-11658-occupation-workforce-2025",,,,"not_assessed",,,
"9412","Kjøkkenassistenter","20406","11911","12448","14485","12343","12796.75","derived_quarterly_mean","ssb-11658-occupation-workforce-2025",,,,"not_assessed",,,
"9510","Reklamedistributører mv.","320","259","264","254","272","262.25","derived_quarterly_mean","ssb-11658-occupation-workforce-2025",,,,"not_assessed",,,
"9611","Renovasjonsarbeidere","5509","5140","5184","5481","5193","5249.5","derived_quarterly_mean","ssb-11658-occupation-workforce-2025",,,,"not_assessed",,,
"9612","Gjenvinningsarbeidere","1255","1024","1064","1171","1084","1085.75","derived_quarterly_mean","ssb-11658-occupation-workforce-2025",,,,"not_assessed",,,
"9613","Gatefeiere mv.","37","44","24","12","25","26.25","derived_quarterly_mean","ssb-11658-occupation-workforce-2025",,,,"not_assessed",,,
"9621","Bud mv.","3606","1514","1368","2537","2765","2046","derived_quarterly_mean","ssb-11658-occupation-workforce-2025",,,,"not_assessed",,,
"9622","Altmuligmann","3787","2385","2578","3777","2596","2834","derived_quarterly_mean","ssb-11658-occupation-workforce-2025",,,,"not_assessed",,,
"9623","Måleravlesere mv.","91","83","75","79","76","78.25","derived_quarterly_mean","ssb-11658-occupation-workforce-2025",,,,"not_assessed",,,
"9629","Andre hjelpearbeidere","3599","959","1360","2056","1279","1413.5","derived_quarterly_mean","ssb-11658-occupation-workforce-2025",,,,"not_assessed",,,
